Date,Open,High,Low,Close,Volume,Change,Delta,Change_Ratio,Delta_Ratio,Variance,momentum
2023-05-19,4.57,4.65,4.25,4.37,35704,-0.2,0.4,-4.58,9.15,0.2,-1
2023-05-18,4.87,4.87,4.33,4.62,7505,-0.25,0.54,-5.41,11.69,0.27,1
2023-05-17,4.64,4.67,4.25,4.54,33377,-0.1,0.42,-2.32,9.2,0.21,-1
2023-05-16,5.07,5.22,4.19,4.62,54273,-0.45,1.03,-9.74,22.29,0.51,-1
2023-05-15,5.25,5.75,4.42,4.75,116928,-0.5,1.33,-10.53,28.0,0.66,-1
2023-05-12,5.18,5.49,5.11,5.28,5739,0.1,0.38,1.8,7.29,0.19,1
2023-05-11,5.22,5.4,5.22,5.25,7859,0.03,0.18,0.59,3.43,0.09,-1
2023-05-10,5.59,5.6,5.06,5.33,13757,-0.26,0.54,-4.88,10.13,0.27,-1
2023-05-09,5.97,5.97,5.38,5.8,14977,-0.17,0.59,-2.93,10.17,0.29,1
2023-05-08,5.78,5.78,5.65,5.74,2380,-0.04,0.13,-0.71,2.27,0.07,1
2023-05-05,5.61,5.8,5.2,5.5,14710,-0.11,0.6,-2.0,10.91,0.3,-1
2023-05-04,4.91,5.99,4.91,5.7,16146,0.79,1.08,13.86,18.95,0.54,1
2023-05-03,4.85,5.2,4.8,5.0,22878,0.15,0.4,3.0,8.0,0.2,-1
2023-05-02,6.5,9.17,4.41,5.06,143918,-1.44,4.76,-28.46,94.07,2.38,-1
2023-05-01,6.8,6.8,6.3,6.55,14491,-0.25,0.5,-3.82,7.63,0.25,-1
2023-04-28,7.35,7.39,6.98,7.1,8310,-0.25,0.41,-3.52,5.75,0.2,-1
2023-04-27,7.19,7.5,6.77,7.4,19489,0.21,0.73,2.84,9.86,0.36,-1
2023-04-26,7.5,7.5,6.59,7.4,26236,-0.1,0.91,-1.35,12.3,0.45,1
2023-04-25,7.01,7.35,6.31,7.35,19608,0.34,1.04,4.63,14.15,0.52,1
2023-04-24,5.86,6.07,5.7,6.07,5357,0.21,0.37,3.46,6.01,0.18,1
2023-04-21,5.53,6.0,5.4,5.71,11979,0.18,0.6,3.19,10.5,0.3,1
2023-04-20,4.24,5.59,4.24,5.03,20760,0.79,1.35,15.71,26.84,0.67,1
2023-04-19,4.37,4.6,4.22,4.56,3376,0.19,0.38,4.17,8.33,0.19,1
2023-04-18,4.5,4.58,4.1,4.42,13513,-0.08,0.48,-1.78,10.86,0.24,1
2023-04-17,3.96,4.53,3.96,4.14,13455,0.18,0.57,4.35,13.73,0.28,1
2023-04-14,3.8,3.99,3.8,3.99,3590,0.19,0.19,4.76,4.76,0.1,1
2023-04-13,3.64,3.97,3.49,3.82,14401,0.18,0.48,4.66,12.63,0.24,1
2023-04-12,3.78,3.85,3.55,3.79,3134,0.01,0.3,0.21,7.92,0.15,-1
2023-04-11,3.79,3.95,3.72,3.95,5384,0.16,0.23,4.05,5.82,0.12,-1
2023-04-10,4.08,4.24,3.93,4.11,4832,0.03,0.32,0.73,7.76,0.16,1
2023-04-06,4.42,4.42,3.8,4.01,10122,-0.41,0.62,-10.22,15.46,0.31,-1
2023-04-05,4.25,4.25,4.07,4.18,7152,-0.07,0.18,-1.67,4.31,0.09,-1
2023-04-04,4.41,4.49,4.15,4.25,5199,-0.16,0.34,-3.76,8.0,0.17,1
2023-04-03,4.16,4.57,4.14,4.17,10618,0.01,0.43,0.24,10.31,0.21,-1
2023-03-31,5.11,5.11,3.5,4.24,79672,-0.87,1.61,-20.52,37.97,0.81,-1
2023-03-30,6.04,6.7,5.27,5.5,70015,-0.54,1.43,-9.82,26.0,0.72,-1
2023-03-29,5.6,6.25,5.6,6.25,29256,0.65,0.65,10.4,10.4,0.33,1
2023-03-28,6.0,6.44,5.69,5.79,23479,-0.21,0.75,-3.57,12.92,0.37,-1
2023-03-27,6.23,7.0,6.1,6.31,27282,0.08,0.9,1.34,14.26,0.45,1
2023-03-24,6.47,6.47,6.3,6.3,5216,-0.17,0.17,-2.63,2.63,0.08,-1
2023-03-23,6.21,7.75,6.19,6.72,16355,0.51,1.56,7.56,23.26,0.78,1
2023-03-22,5.6,6.04,5.6,5.9,4168,0.31,0.44,5.17,7.53,0.22,-1
2023-03-21,6.71,6.71,5.62,6.0,36560,-0.71,1.09,-11.83,18.25,0.55,-1
2023-03-20,6.49,7.3,6.49,6.53,37814,0.04,0.81,0.61,12.4,0.4,-1
2023-03-17,7.35,7.35,6.52,6.58,11646,-0.78,0.84,-11.84,12.76,0.42,-1
2023-03-16,7.47,7.94,7.15,7.31,32310,-0.16,0.79,-2.19,10.81,0.39,-1
2023-03-15,7.19,8.25,7.19,7.73,24704,0.54,1.06,6.96,13.72,0.53,1
2023-03-14,7.39,8.3,7.31,7.72,22191,0.33,0.99,4.23,12.83,0.5,1
2023-03-13,8.04,8.04,7.54,7.57,12574,-0.47,0.5,-6.17,6.6,0.25,-1
2023-03-10,8.02,8.34,8.02,8.31,4923,0.29,0.32,3.51,3.85,0.16,-1
2023-03-09,7.7,8.43,7.7,8.35,19138,0.65,0.73,7.74,8.75,0.36,1
2023-03-08,7.78,8.14,7.78,8.11,3188,0.33,0.36,4.07,4.44,0.18,1
2023-03-07,7.99,8.15,7.8,7.9,22200,-0.09,0.35,-1.2,4.4,0.17,-1
2023-03-06,8.44,8.45,8.15,8.17,14421,-0.27,0.3,-3.3,3.67,0.15,-1
2023-03-03,8.22,8.5,8.22,8.4,4116,0.18,0.28,2.2,3.33,0.14,-1
2023-03-02,8.57,8.6,8.31,8.6,3254,0.03,0.29,0.34,3.37,0.15,1
2023-03-01,8.58,8.58,8.18,8.5,2611,-0.08,0.4,-0.93,4.7,0.2,1
2023-02-28,8.3,8.62,8.11,8.11,3205,-0.19,0.51,-2.34,6.29,0.25,-1
2023-02-27,8.31,8.65,8.11,8.11,21031,-0.2,0.54,-2.44,6.66,0.27,1
2023-02-24,8.62,8.66,8.03,8.1,19875,-0.52,0.63,-6.42,7.78,0.32,-1
2023-02-23,8.15,8.7,8.15,8.62,13973,0.47,0.55,5.45,6.38,0.27,-1
2023-02-22,8.01,8.82,8.01,8.63,20162,0.62,0.81,7.18,9.39,0.41,1
2023-02-21,9.0,9.19,8.04,8.13,23443,-0.87,1.15,-10.7,14.19,0.58,-1
2023-02-17,9.85,9.85,9.14,9.27,9163,-0.58,0.71,-6.26,7.66,0.35,-1
2023-02-16,10.2,10.45,9.51,9.63,18648,-0.57,0.94,-5.92,9.76,0.47,-1
2023-02-15,9.9,10.61,9.66,10.32,37343,0.42,0.95,4.07,9.19,0.47,1
2023-02-14,9.49,9.89,9.44,9.61,5407,0.12,0.45,1.25,4.68,0.23,-1
2023-02-13,9.39,9.9,9.39,9.8,15693,0.41,0.51,4.18,5.2,0.25,1
2023-02-10,9.1,9.6,8.59,9.59,28160,0.49,1.01,5.11,10.49,0.5,1
2023-02-09,9.51,10.05,9.38,9.39,20549,-0.12,0.67,-1.28,7.13,0.33,1
2023-02-08,9.73,9.89,9.35,9.37,22194,-0.36,0.54,-3.84,5.73,0.27,-1
2023-02-07,9.82,10.12,9.27,10.04,25933,0.22,0.85,2.19,8.5,0.43,1
2023-02-06,9.24,9.79,8.96,9.78,16701,0.54,0.83,5.47,8.49,0.41,1
2023-02-03,8.74,9.8,8.54,9.31,22740,0.57,1.27,6.12,13.59,0.63,1
2023-02-02,9.0,9.1,8.51,8.68,13169,-0.32,0.59,-3.69,6.8,0.29,-1
2023-02-01,8.28,9.1,8.28,8.76,33258,0.48,0.83,5.48,9.42,0.41,1
2023-01-31,8.06,8.7,7.45,8.49,30314,0.43,1.25,5.06,14.72,0.62,1
2023-01-30,8.65,8.65,7.8,8.25,23895,-0.4,0.85,-4.85,10.34,0.43,-1
2023-01-27,8.73,9.04,8.3,8.51,34329,-0.22,0.74,-2.59,8.7,0.37,-1
2023-01-26,9.05,9.41,8.17,8.88,34686,-0.17,1.24,-1.91,13.98,0.62,1
2023-01-25,6.62,8.54,6.62,8.46,82741,1.84,1.92,21.75,22.7,0.96,1
2023-01-24,7.5,8.87,6.5,7.25,87180,-0.25,2.37,-3.45,32.69,1.18,-1
2023-01-23,9.81,9.81,7.6,7.8,77102,-2.01,2.21,-25.77,28.33,1.11,-1
2023-01-20,10.57,10.6,8.8,9.63,87238,-0.94,1.8,-9.76,18.69,0.9,-1
2023-01-19,9.49,11.99,9.1,10.17,183106,0.68,2.89,6.69,28.42,1.45,1
2023-01-18,7.75,9.66,7.34,8.88,62081,1.13,2.32,12.73,26.13,1.16,1
2023-01-17,7.52,7.76,7.21,7.76,23133,0.24,0.55,3.09,7.09,0.27,1
2023-01-13,6.84,7.3,6.57,7.25,36816,0.41,0.73,5.66,10.07,0.36,1
2023-01-12,6.0,6.61,5.68,6.57,36061,0.57,0.93,8.6,14.17,0.47,1
2023-01-11,5.7,6.37,5.57,6.2,28578,0.5,0.8,8.06,12.9,0.4,1
2023-01-10,6.05,6.05,5.49,5.64,6089,-0.41,0.56,-7.27,9.93,0.28,-1
2023-01-09,5.44,5.99,5.35,5.95,18249,0.51,0.64,8.57,10.76,0.32,1
2023-01-06,4.48,5.7,4.34,5.46,29974,0.98,1.36,17.86,24.91,0.68,1
2023-01-05,4.83,4.83,4.45,4.8,41901,-0.03,0.38,-0.63,7.98,0.19,-1
2023-01-04,4.44,4.98,4.36,4.88,16579,0.44,0.62,9.02,12.7,0.31,1
2023-01-03,4.63,4.79,4.18,4.38,9672,-0.25,0.61,-5.71,13.93,0.31,-1
2022-12-30,4.35,4.68,4.19,4.68,15817,0.33,0.49,7.05,10.54,0.25,1
2022-12-29,3.8,4.28,3.8,4.26,11353,0.46,0.48,10.8,11.27,0.24,1
2022-12-28,4.28,4.28,3.83,4.19,12683,-0.09,0.45,-2.16,10.83,0.23,1
2022-12-27,4.28,4.28,3.71,4.09,14938,-0.19,0.57,-4.53,13.92,0.28,1
2022-12-23,4.0,4.27,3.9,4.08,53000,0.08,0.37,2.08,9.06,0.18,1
2022-12-22,3.89,4.06,3.52,4.02,51107,0.13,0.54,3.23,13.43,0.27,1
2022-12-21,3.47,3.91,3.47,3.84,18989,0.37,0.44,9.53,11.35,0.22,1
2022-12-20,3.42,3.87,3.33,3.72,20068,0.3,0.54,8.06,14.51,0.27,1
2022-12-19,3.91,3.91,3.5,3.67,34019,-0.24,0.41,-6.54,11.17,0.2,1
2022-12-16,3.47,3.52,3.36,3.48,8696,0.01,0.16,0.29,4.6,0.08,-1
2022-12-15,3.22,3.74,3.22,3.59,41079,0.37,0.52,10.31,14.48,0.26,1
2022-12-14,3.27,3.49,3.11,3.26,38031,-0.01,0.38,-0.31,11.66,0.19,-1
2022-12-13,3.61,3.82,3.28,3.35,39024,-0.26,0.54,-7.76,16.12,0.27,-1
2022-12-12,3.86,3.88,3.5,3.82,32721,-0.04,0.38,-1.05,9.95,0.19,-1
2022-12-09,4.01,4.05,3.75,3.86,27809,-0.15,0.3,-3.89,7.78,0.15,-1
2022-12-08,3.91,4.05,3.91,3.98,32244,0.07,0.14,1.76,3.52,0.07,-1
2022-12-07,4.0,4.09,3.92,4.05,20642,0.05,0.17,1.22,4.2,0.08,1
2022-12-06,3.85,4.1,3.77,4.02,27159,0.17,0.33,4.23,8.21,0.16,1
2022-12-05,3.85,3.92,3.54,3.89,27648,0.04,0.38,1.03,9.76,0.19,1
2022-12-02,3.73,3.96,3.65,3.85,21354,0.12,0.31,3.12,8.05,0.16,1
2022-12-01,3.55,3.84,3.52,3.62,14013,0.08,0.32,2.07,8.83,0.16,1
2022-11-30,3.47,3.84,3.44,3.56,17546,0.09,0.4,2.53,11.24,0.2,1
2022-11-29,3.67,3.75,3.48,3.5,43784,-0.17,0.27,-4.86,7.75,0.14,-1
2022-11-28,3.85,4.47,3.51,3.64,102379,-0.21,0.96,-5.77,26.37,0.48,1
2022-11-25,3.63,3.79,3.5,3.5,6299,-0.13,0.29,-3.71,8.33,0.15,-1
2022-11-23,3.54,3.65,3.54,3.57,3821,0.03,0.11,0.88,3.04,0.05,1
2022-11-22,3.85,3.85,3.02,3.45,78494,-0.4,0.83,-11.59,24.06,0.42,-1
2022-11-21,3.75,3.88,3.72,3.83,14345,0.08,0.16,2.09,4.15,0.08,-1
2022-11-18,3.98,4.0,3.87,3.87,10966,-0.11,0.13,-2.84,3.36,0.06,-1
2022-11-17,3.98,4.13,3.88,3.96,14936,-0.02,0.25,-0.51,6.31,0.12,-1
2022-11-16,3.86,4.21,3.86,4.06,19721,0.2,0.35,4.93,8.62,0.18,1
2022-11-15,4.02,4.82,3.73,3.84,196508,-0.18,1.09,-4.69,28.39,0.55,-1
2022-11-14,4.0,4.22,3.9,3.94,12205,-0.06,0.32,-1.52,8.12,0.16,-1
2022-11-11,3.73,4.23,3.73,4.03,20302,0.3,0.5,7.33,12.4,0.25,1
2022-11-10,3.82,3.92,3.72,3.85,26615,0.03,0.2,0.78,5.19,0.1,1
2022-11-09,3.81,4.1,3.72,3.84,34772,0.03,0.38,0.78,9.95,0.19,-1
2022-11-08,3.98,4.33,3.73,4.0,64544,0.02,0.6,0.5,15.0,0.3,-1
2022-11-07,3.82,4.24,3.7,4.0,63047,0.18,0.54,4.5,13.5,0.27,-1
2022-11-04,4.0,4.41,3.42,4.13,195581,0.13,0.99,3.08,23.99,0.5,1
2022-11-03,0.21,0.23,0.2,0.21,795277,0.0,0.03,1.15,15.79,0.02,1
2022-11-02,0.2,0.21,0.19,0.19,256006,-0.01,0.02,-2.96,10.24,0.01,-1
2022-11-01,0.18,0.21,0.18,0.2,249272,0.01,0.02,6.19,12.68,0.01,-1
2022-10-31,0.2,0.21,0.18,0.2,310688,-0.0,0.03,-0.1,12.87,0.01,-1
2022-10-28,0.21,0.22,0.18,0.21,385961,0.0,0.04,0.58,19.22,0.02,-1
2022-10-27,0.21,0.22,0.2,0.21,231982,-0.01,0.02,-3.01,11.64,0.01,-1
2022-10-26,0.24,0.25,0.2,0.21,1333649,-0.03,0.05,-13.39,24.67,0.03,-1
2022-10-25,0.24,0.25,0.22,0.23,535054,-0.01,0.03,-3.85,13.85,0.02,-1
2022-10-24,0.23,0.24,0.21,0.23,594325,-0.0,0.03,-0.88,14.65,0.02,-1
2022-10-21,0.25,0.25,0.22,0.23,570959,-0.02,0.03,-8.71,12.82,0.01,-1
2022-10-20,0.23,0.3,0.21,0.24,3839575,0.02,0.08,7.06,34.71,0.04,-1
2022-10-19,0.19,0.26,0.18,0.25,3704599,0.06,0.08,23.43,30.44,0.04,1
2022-10-18,0.18,0.19,0.17,0.18,1701759,0.0,0.02,0.22,9.54,0.01,-1
2022-10-17,0.18,0.19,0.17,0.19,1450339,0.01,0.02,4.12,10.55,0.01,1
2022-10-14,0.19,0.2,0.17,0.18,3393756,-0.01,0.03,-8.14,16.84,0.02,-1
2022-10-13,0.17,0.33,0.17,0.2,48866889,0.03,0.16,14.46,77.49,0.08,1
2022-10-12,0.17,0.18,0.16,0.17,2756488,-0.0,0.02,-0.95,13.22,0.01,-1
2022-10-11,0.16,0.18,0.14,0.17,237380,0.01,0.03,3.18,20.76,0.02,1
2022-10-10,0.17,0.17,0.15,0.15,165337,-0.02,0.02,-13.03,14.55,0.01,-1
2022-10-07,0.16,0.17,0.16,0.16,188990,-0.0,0.01,-1.16,6.13,0.01,-1
2022-10-06,0.17,0.17,0.16,0.16,202986,-0.01,0.02,-3.12,11.81,0.01,-1
2022-10-05,0.18,0.18,0.15,0.16,737739,-0.02,0.03,-14.27,19.77,0.02,-1
2022-10-04,0.17,0.19,0.16,0.17,823267,0.0,0.03,2.18,17.18,0.01,1
2022-10-03,0.16,0.22,0.14,0.16,1656659,-0.0,0.08,-2.74,49.25,0.04,1
2022-09-30,0.17,0.17,0.15,0.15,265920,-0.02,0.02,-13.99,14.31,0.01,-1
2022-09-29,0.15,0.17,0.14,0.17,368422,0.02,0.03,10.71,15.48,0.01,1
2022-09-28,0.16,0.16,0.14,0.15,152877,-0.01,0.01,-3.33,8.73,0.01,1
2022-09-27,0.15,0.16,0.14,0.14,333797,-0.01,0.02,-4.23,16.2,0.01,-1
2022-09-26,0.14,0.15,0.14,0.15,214744,0.01,0.01,4.47,8.39,0.01,-1
2022-09-23,0.14,0.15,0.13,0.15,524375,0.01,0.02,3.33,12.8,0.01,-1
2022-09-22,0.16,0.17,0.14,0.15,497759,-0.01,0.02,-6.79,13.77,0.01,-1
2022-09-21,0.16,0.22,0.16,0.16,3075006,0.0,0.06,2.93,39.81,0.03,1
2022-09-20,0.16,0.16,0.14,0.15,255925,-0.01,0.02,-5.87,10.0,0.01,-1
2022-09-19,0.14,0.19,0.13,0.15,1286201,0.01,0.06,7.01,37.67,0.03,1
2022-09-16,0.15,0.16,0.14,0.14,553897,-0.01,0.02,-9.14,16.21,0.01,-1
2022-09-15,0.17,0.17,0.15,0.16,454988,-0.01,0.02,-7.56,13.5,0.01,-1
2022-09-14,0.18,0.18,0.17,0.17,578039,-0.01,0.01,-3.87,5.6,0.0,-1
2022-09-13,0.18,0.2,0.17,0.19,825573,0.01,0.03,4.54,15.13,0.01,1
2022-09-12,0.18,0.19,0.17,0.18,1012487,-0.0,0.02,-1.87,11.32,0.01,-1
2022-09-09,0.22,0.22,0.2,0.2,333913,-0.02,0.02,-9.7,11.75,0.01,-1
2022-09-08,0.2,0.21,0.19,0.2,220573,-0.0,0.02,-1.07,12.19,0.01,-1
2022-09-07,0.2,0.21,0.18,0.2,590740,-0.01,0.03,-4.06,15.23,0.02,-1
2022-09-06,0.22,0.24,0.2,0.21,415632,-0.01,0.03,-4.85,16.17,0.02,-1
2022-09-02,0.24,0.24,0.22,0.22,576148,-0.02,0.02,-6.89,9.11,0.01,-1
2022-09-01,0.24,0.29,0.23,0.24,2131240,-0.0,0.06,-0.58,24.95,0.03,-1
2022-08-31,0.24,0.25,0.23,0.24,1076431,0.0,0.02,1.44,7.64,0.01,-1
2022-08-30,0.26,0.26,0.23,0.25,1311142,-0.01,0.03,-2.93,11.93,0.01,-1
2022-08-29,0.26,0.27,0.25,0.26,1309615,-0.0,0.02,-1.6,7.78,0.01,1
2022-08-26,0.29,0.3,0.24,0.25,1561818,-0.04,0.06,-16.39,22.31,0.03,-1
2022-08-25,0.29,0.33,0.27,0.28,2969629,-0.01,0.06,-1.75,21.05,0.03,-1
2022-08-24,0.25,0.36,0.25,0.34,15623294,0.09,0.11,27.08,31.02,0.05,1
2022-08-23,0.27,0.27,0.24,0.25,9105068,-0.02,0.03,-8.36,13.19,0.02,-1
2022-08-22,0.24,0.59,0.24,0.36,99202595,0.12,0.35,32.6,98.29,0.18,1
2022-08-19,0.24,0.24,0.2,0.22,870431,-0.02,0.04,-8.65,17.48,0.02,-1
2022-08-18,0.26,0.26,0.23,0.24,57109,-0.02,0.03,-10.59,12.76,0.02,-1
2022-08-17,0.23,0.24,0.23,0.24,91924,0.01,0.01,2.97,4.99,0.01,-1
2022-08-16,0.25,0.25,0.23,0.24,88356,-0.01,0.02,-4.91,7.83,0.01,-1
2022-08-15,0.25,0.26,0.24,0.24,152575,-0.01,0.02,-2.63,8.62,0.01,-1
2022-08-12,0.24,0.25,0.23,0.24,145794,-0.0,0.01,-1.16,6.03,0.01,-1
2022-08-11,0.26,0.26,0.23,0.24,279756,-0.02,0.02,-7.85,10.0,0.01,-1
2022-08-10,0.25,0.25,0.24,0.25,76812,-0.0,0.01,-0.24,3.08,0.0,-1
2022-08-09,0.26,0.26,0.24,0.25,682219,-0.02,0.03,-7.03,10.1,0.01,-1
2022-08-08,0.27,0.28,0.26,0.27,204842,-0.0,0.02,-0.15,6.97,0.01,-1
2022-08-05,0.27,0.27,0.26,0.27,332601,-0.0,0.01,-0.74,5.44,0.01,-1
2022-08-04,0.26,0.32,0.26,0.27,1543496,0.01,0.06,4.71,20.73,0.03,-1
2022-08-03,0.27,0.3,0.26,0.27,424135,-0.0,0.04,-0.33,14.49,0.02,-1
2022-08-02,0.27,0.28,0.26,0.28,472337,0.01,0.02,3.6,7.55,0.01,1
2022-08-01,0.27,0.28,0.26,0.27,335416,0.0,0.02,1.38,7.33,0.01,-1
2022-07-29,0.28,0.28,0.26,0.28,171255,-0.0,0.02,-0.79,7.2,0.01,-1
2022-07-28,0.27,0.28,0.27,0.28,79844,0.01,0.01,2.08,4.92,0.01,-1
2022-07-27,0.29,0.29,0.27,0.28,110720,-0.01,0.02,-3.78,6.08,0.01,-1
2022-07-26,0.29,0.29,0.28,0.28,73867,-0.01,0.02,-4.38,5.7,0.01,-1
2022-07-25,0.28,0.3,0.28,0.29,183558,0.0,0.02,1.28,6.48,0.01,-1
2022-07-22,0.29,0.3,0.28,0.29,51048,0.0,0.02,0.31,5.7,0.01,-1
2022-07-21,0.29,0.3,0.29,0.29,206907,0.0,0.02,0.72,6.2,0.01,-1
2022-07-20,0.29,0.3,0.28,0.29,97572,0.0,0.02,0.88,6.8,0.01,-1
2022-07-19,0.31,0.31,0.28,0.3,498840,-0.01,0.03,-2.99,11.33,0.02,-1
2022-07-18,0.3,0.32,0.29,0.3,671023,-0.01,0.03,-1.95,9.0,0.01,-1
2022-07-15,0.29,0.32,0.29,0.3,579937,0.01,0.03,3.3,8.77,0.01,1
2022-07-14,0.29,0.3,0.28,0.29,121404,-0.01,0.02,-2.4,5.88,0.01,-1
2022-07-13,0.29,0.3,0.28,0.29,243655,-0.0,0.02,-0.69,7.6,0.01,-1
2022-07-12,0.3,0.3,0.29,0.3,66203,-0.0,0.01,-0.4,3.58,0.01,-1
2022-07-11,0.29,0.3,0.28,0.3,208100,0.01,0.02,1.69,7.25,0.01,1
2022-07-08,0.3,0.3,0.28,0.29,56998,-0.01,0.02,-3.3,5.73,0.01,-1
2022-07-07,0.28,0.3,0.28,0.29,225638,0.01,0.02,3.41,6.83,0.01,-1
2022-07-06,0.27,0.3,0.27,0.29,241441,0.02,0.03,6.48,9.81,0.01,1
2022-07-05,0.27,0.28,0.27,0.27,287869,-0.0,0.01,-0.62,4.41,0.01,-1
2022-07-01,0.28,0.29,0.27,0.27,488673,-0.01,0.02,-2.3,5.81,0.01,-1
2022-06-30,0.27,0.34,0.27,0.29,4197561,0.02,0.07,6.25,23.92,0.03,-1
2022-06-29,0.3,0.31,0.28,0.3,1353035,-0.0,0.03,-0.47,9.48,0.01,1
2022-06-28,0.29,0.31,0.29,0.29,367782,-0.0,0.02,-0.38,8.59,0.01,-1
2022-06-27,0.29,0.3,0.28,0.29,262187,0.0,0.02,0.59,6.45,0.01,-1
2022-06-24,0.29,0.31,0.28,0.29,358545,-0.0,0.03,-0.55,10.05,0.01,-1
2022-06-23,0.29,0.31,0.29,0.29,907979,0.0,0.02,1.63,6.17,0.01,-1
2022-06-22,0.28,0.3,0.28,0.29,970960,0.01,0.02,1.9,6.78,0.01,-1
2022-06-21,0.29,0.3,0.29,0.3,273074,0.01,0.01,2.74,4.5,0.01,1
2022-06-17,0.28,0.3,0.28,0.29,154652,0.01,0.01,3.6,4.93,0.01,-1
2022-06-16,0.28,0.3,0.28,0.29,279535,0.01,0.02,2.28,7.38,0.01,-1
2022-06-15,0.29,0.3,0.28,0.29,180265,-0.0,0.02,-0.67,8.02,0.01,1
2022-06-14,0.31,0.31,0.28,0.28,917656,-0.03,0.04,-10.02,12.56,0.02,-1
2022-06-13,0.28,0.3,0.27,0.3,1183539,0.01,0.03,4.57,11.01,0.02,1
2022-06-10,0.39,0.4,0.28,0.29,7351780,-0.1,0.12,-36.36,42.94,0.06,-1
2022-06-09,0.3,0.41,0.28,0.35,3271800,0.05,0.13,13.24,38.74,0.07,1
2022-06-08,0.32,0.32,0.28,0.3,223032,-0.02,0.04,-6.63,13.33,0.02,-1
2022-06-07,0.3,0.32,0.27,0.31,371614,0.0,0.05,0.59,14.85,0.02,1
2022-06-06,0.3,0.3,0.3,0.3,129918,-0.0,0.01,-1.23,2.9,0.0,-1
2022-06-03,0.28,0.32,0.28,0.3,568961,0.02,0.04,6.07,12.47,0.02,1
2022-06-02,0.28,0.3,0.27,0.29,216865,0.01,0.03,4.17,9.69,0.01,1
2022-06-01,0.28,0.3,0.27,0.28,155376,-0.0,0.03,-0.54,10.7,0.01,-1
2022-05-31,0.27,0.3,0.27,0.29,339186,0.02,0.03,6.62,11.61,0.02,-1
2022-05-27,0.26,0.3,0.25,0.29,385050,0.03,0.05,10.62,16.81,0.02,1
2022-05-26,0.28,0.31,0.27,0.27,1289332,-0.01,0.04,-4.03,15.79,0.02,-1
2022-05-25,0.3,0.32,0.27,0.28,467345,-0.02,0.05,-6.38,17.59,0.02,-1
2022-05-24,0.32,0.33,0.3,0.32,606242,0.0,0.03,0.0,8.9,0.01,1
2022-05-23,0.3,0.33,0.28,0.31,1898760,0.01,0.05,3.54,15.72,0.02,1
2022-05-20,0.28,0.3,0.28,0.3,304132,0.02,0.02,5.3,7.64,0.01,1
2022-05-19,0.28,0.32,0.27,0.29,240978,0.01,0.05,5.02,15.53,0.02,-1
2022-05-18,0.3,0.33,0.28,0.29,818141,-0.01,0.05,-2.58,16.99,0.03,-1
2022-05-17,0.3,0.35,0.26,0.32,3270561,0.02,0.09,5.55,27.15,0.04,1
2022-05-16,0.34,0.35,0.31,0.31,4191543,-0.03,0.04,-9.71,13.75,0.02,1
2022-05-13,0.28,0.33,0.28,0.3,2037522,0.02,0.05,8.03,18.1,0.03,1
2022-05-12,0.26,0.29,0.26,0.28,186850,0.01,0.03,5.38,9.64,0.01,-1
2022-05-11,0.27,0.34,0.25,0.3,1932341,0.03,0.09,9.7,28.83,0.04,1
2022-05-10,0.24,0.28,0.24,0.26,329945,0.01,0.04,4.93,14.47,0.02,-1
2022-05-09,0.31,0.32,0.2,0.27,1414137,-0.04,0.12,-14.7,44.98,0.06,-1
2022-05-06,0.31,0.32,0.31,0.32,194032,0.01,0.01,2.13,4.33,0.01,-1
2022-05-05,0.34,0.38,0.32,0.33,249072,-0.01,0.06,-3.84,19.96,0.03,-1
2022-05-04,0.3,0.36,0.3,0.35,557480,0.04,0.05,12.48,14.86,0.03,1
2022-05-03,0.33,0.33,0.3,0.32,445174,-0.01,0.03,-1.88,9.78,0.02,-1
2022-05-02,0.37,0.39,0.31,0.32,1232077,-0.04,0.08,-13.14,23.76,0.04,-1
2022-04-29,0.37,0.4,0.36,0.38,851812,0.02,0.04,4.42,10.32,0.02,-1
2022-04-28,0.29,0.41,0.29,0.4,3121029,0.11,0.12,26.78,30.0,0.06,1
2022-04-27,0.3,0.32,0.29,0.31,434466,0.01,0.03,3.41,9.61,0.01,1
2022-04-26,0.3,0.32,0.28,0.29,1129820,-0.01,0.04,-3.43,15.03,0.02,-1
2022-04-25,0.36,0.36,0.29,0.32,2895269,-0.03,0.07,-10.77,21.54,0.04,-1
2022-04-22,0.38,0.39,0.34,0.36,3291298,-0.02,0.06,-4.33,15.93,0.03,-1
2022-04-21,0.38,0.39,0.37,0.38,729967,-0.0,0.02,-0.16,5.3,0.01,-1
2022-04-20,0.4,0.42,0.39,0.4,340277,0.01,0.03,2.03,6.97,0.01,-1
2022-04-19,0.43,0.44,0.4,0.42,306645,-0.01,0.04,-3.44,8.6,0.02,-1
2022-04-18,0.46,0.46,0.41,0.43,285427,-0.03,0.05,-7.05,10.94,0.02,-1
2022-04-14,0.47,0.48,0.44,0.46,412927,-0.01,0.03,-1.52,7.61,0.02,-1
2022-04-13,0.47,0.52,0.45,0.49,937585,0.02,0.07,3.3,14.86,0.04,-1
2022-04-12,0.47,0.55,0.45,0.49,1638884,0.02,0.09,4.1,19.0,0.05,-1
2022-04-11,0.5,0.52,0.46,0.49,2998545,-0.02,0.06,-3.27,12.27,0.03,1
2022-04-08,0.43,0.44,0.42,0.43,264292,-0.0,0.02,-0.16,5.35,0.01,-1
2022-04-07,0.44,0.44,0.41,0.44,88371,0.01,0.03,1.49,7.0,0.02,1
2022-04-06,0.43,0.44,0.42,0.43,203710,0.0,0.02,0.09,5.0,0.01,-1
2022-04-05,0.45,0.47,0.43,0.45,685393,0.0,0.04,0.0,9.31,0.02,-1
2022-04-04,0.44,0.45,0.44,0.45,329525,0.01,0.02,2.03,4.41,0.01,1
2022-04-01,0.45,0.46,0.42,0.44,397087,-0.01,0.04,-2.27,8.16,0.02,-1
2022-03-31,0.44,0.45,0.42,0.44,486615,-0.0,0.03,-0.5,5.93,0.01,-1
2022-03-30,0.45,0.46,0.43,0.44,648835,-0.01,0.03,-2.37,7.1,0.02,-1
2022-03-29,0.39,0.49,0.38,0.44,3244484,0.05,0.11,12.39,24.07,0.05,1
2022-03-28,0.47,0.47,0.38,0.4,1264230,-0.07,0.09,-17.62,23.77,0.05,-1
2022-03-25,0.49,0.49,0.45,0.47,234923,-0.02,0.04,-4.93,8.35,0.02,-1
2022-03-24,0.46,0.5,0.46,0.49,614611,0.03,0.04,5.12,7.52,0.02,1
2022-03-23,0.48,0.49,0.46,0.47,416987,-0.02,0.03,-3.19,7.34,0.02,-1
2022-03-22,0.47,0.49,0.45,0.48,1284249,0.02,0.04,3.84,8.25,0.02,1
2022-03-21,0.46,0.46,0.44,0.44,775600,-0.02,0.03,-4.36,5.68,0.01,-1
2022-03-18,0.44,0.47,0.42,0.47,1316011,0.03,0.05,6.4,10.43,0.02,1
2022-03-17,0.45,0.46,0.42,0.44,1301398,-0.01,0.04,-2.91,9.09,0.02,-1
2022-03-16,0.45,0.49,0.43,0.46,2482373,0.01,0.06,3.12,13.09,0.03,1
2022-03-15,0.43,0.47,0.38,0.43,3364091,-0.0,0.1,-0.44,22.42,0.05,1
2022-03-14,0.68,0.74,0.36,0.41,13557425,-0.27,0.38,-64.73,90.87,0.19,-1
2022-03-11,0.62,0.84,0.55,0.79,13794644,0.17,0.29,21.22,37.42,0.15,1
2022-03-10,0.7,0.77,0.62,0.68,2067992,-0.02,0.15,-3.46,21.51,0.07,1
2022-03-09,0.66,0.68,0.62,0.62,551314,-0.04,0.06,-6.16,9.55,0.03,1
2022-03-08,0.58,0.8,0.55,0.61,350672,0.03,0.25,4.36,41.12,0.12,1
2022-03-07,0.68,0.68,0.57,0.59,297688,-0.09,0.11,-15.81,18.85,0.06,-1
2022-03-04,0.69,0.75,0.65,0.67,263017,-0.02,0.1,-3.36,14.64,0.05,-1
2022-03-03,0.85,0.88,0.7,0.72,327192,-0.13,0.18,-17.42,24.87,0.09,-1
2022-03-02,0.77,0.88,0.77,0.81,702176,0.04,0.11,4.77,13.48,0.05,1
2022-03-01,0.69,0.88,0.69,0.77,1600816,0.08,0.19,10.39,24.68,0.1,1
2022-02-28,0.68,0.69,0.65,0.67,43684,-0.01,0.04,-1.64,5.97,0.02,-1
2022-02-25,0.69,0.7,0.68,0.69,16439,0.0,0.01,0.7,2.17,0.01,1
2022-02-24,0.7,0.7,0.65,0.68,115575,-0.02,0.05,-2.25,7.57,0.03,-1
2022-02-23,0.74,0.74,0.7,0.73,60902,-0.01,0.04,-1.73,5.5,0.02,1
2022-02-22,0.71,0.74,0.7,0.72,45317,0.01,0.04,2.01,5.48,0.02,-1
2022-02-18,0.76,0.77,0.71,0.75,162980,-0.01,0.06,-1.95,7.95,0.03,-1
2022-02-17,0.78,0.78,0.75,0.76,157386,-0.02,0.03,-2.5,3.94,0.02,-1
2022-02-16,0.82,0.82,0.72,0.78,302602,-0.04,0.1,-5.17,12.87,0.05,-1
2022-02-15,0.81,0.86,0.81,0.82,189174,0.01,0.05,1.05,5.52,0.02,-1
2022-02-14,0.85,0.87,0.8,0.82,165805,-0.03,0.07,-3.03,8.45,0.03,-1
2022-02-11,0.88,0.88,0.83,0.84,163361,-0.04,0.05,-4.45,5.82,0.02,-1
2022-02-10,0.89,0.91,0.86,0.87,215373,-0.02,0.05,-2.24,6.08,0.03,-1
2022-02-09,0.83,0.93,0.83,0.91,566317,0.08,0.11,8.54,11.85,0.05,1
2022-02-08,0.82,0.86,0.79,0.83,388895,0.01,0.07,1.76,8.44,0.03,-1
2022-02-07,0.82,0.9,0.82,0.83,159822,0.01,0.08,1.2,9.64,0.04,-1
2022-02-04,0.8,0.86,0.8,0.86,213360,0.06,0.07,7.35,8.09,0.03,1
2022-02-03,0.91,0.91,0.81,0.82,173532,-0.09,0.1,-10.84,12.46,0.05,-1
2022-02-02,0.88,0.9,0.81,0.86,158978,-0.02,0.09,-2.33,10.47,0.04,1
2022-02-01,0.88,0.88,0.8,0.82,169577,-0.06,0.08,-6.8,9.61,0.04,1
2022-01-31,0.77,0.86,0.74,0.79,165787,0.02,0.12,2.67,15.15,0.06,1
2022-01-28,0.75,0.88,0.68,0.73,188759,-0.02,0.2,-2.47,27.39,0.1,1
2022-01-27,0.85,0.91,0.68,0.72,212592,-0.13,0.23,-18.2,31.58,0.11,-1
2022-01-26,0.88,0.91,0.79,0.84,191121,-0.04,0.12,-4.81,14.53,0.06,-1
2022-01-25,0.82,0.89,0.8,0.85,273796,0.03,0.09,3.86,10.58,0.04,1
2022-01-24,1.04,1.07,0.73,0.8,498920,-0.24,0.34,-30.0,42.31,0.17,-1
2022-01-21,1.1,1.14,1.01,1.04,207069,-0.06,0.13,-5.77,12.5,0.06,-1
2022-01-20,1.13,1.19,1.08,1.13,221143,0.0,0.11,0.0,9.68,0.05,1
2022-01-19,1.09,1.13,1.08,1.09,39520,0.0,0.05,0.0,4.59,0.02,-1
2022-01-18,1.17,1.18,1.07,1.12,100631,-0.05,0.12,-4.46,10.27,0.06,-1
2022-01-14,1.17,1.25,1.16,1.17,89389,0.0,0.09,0.0,7.69,0.05,-1
2022-01-13,1.24,1.27,1.2,1.2,150407,-0.03,0.07,-2.9,5.81,0.04,-1
2022-01-12,1.34,1.34,1.24,1.27,137104,-0.07,0.1,-5.51,7.87,0.05,-1
2022-01-11,1.25,1.32,1.24,1.29,301667,0.04,0.08,3.1,6.2,0.04,1
2022-01-10,1.21,1.3,1.2,1.28,348734,0.07,0.1,5.47,7.81,0.05,1
2022-01-07,1.21,1.24,1.15,1.19,298183,-0.02,0.09,-1.68,7.55,0.04,-1
2022-01-06,1.19,1.25,1.13,1.23,356584,0.04,0.12,3.25,9.76,0.06,1
2022-01-05,1.21,1.24,1.13,1.21,371949,0.0,0.11,0.0,9.09,0.06,1
2022-01-04,1.3,1.35,1.16,1.19,1956641,-0.11,0.19,-9.24,15.97,0.1,-1
2022-01-03,1.2,1.26,1.18,1.21,235828,0.01,0.08,0.83,6.56,0.04,-1
2021-12-31,1.09,1.25,1.09,1.22,471890,0.13,0.16,10.66,13.11,0.08,1
2021-12-30,1.03,1.14,1.03,1.1,259341,0.07,0.11,6.36,10.0,0.05,1
2021-12-29,1.08,1.09,1.04,1.05,119172,-0.03,0.05,-2.39,4.86,0.03,-1
2021-12-28,1.16,1.16,1.06,1.07,180112,-0.09,0.1,-8.32,9.34,0.05,-1
2021-12-27,1.03,1.17,1.03,1.11,763876,0.08,0.14,7.21,12.61,0.07,1
2021-12-23,1.01,1.08,1.01,1.05,207812,0.04,0.07,3.81,6.67,0.04,1
2021-12-22,1.04,1.05,1.01,1.01,234250,-0.03,0.04,-2.97,4.06,0.02,-1
2021-12-21,1.05,1.13,1.05,1.07,205436,0.02,0.08,1.87,7.48,0.04,-1
2021-12-20,1.17,1.23,1.06,1.07,304968,-0.1,0.17,-9.35,15.89,0.08,-1
2021-12-17,1.12,1.2,1.1,1.19,204000,0.07,0.1,5.88,8.4,0.05,1
2021-12-16,1.15,1.25,1.12,1.12,355287,-0.03,0.13,-2.68,11.61,0.06,-1
2021-12-15,1.16,1.28,1.12,1.16,356954,0.0,0.16,0.0,13.79,0.08,-1
2021-12-14,1.13,1.3,1.12,1.2,351752,0.07,0.19,5.83,15.42,0.09,1
2021-12-13,1.17,1.26,1.14,1.17,391056,0.0,0.12,0.0,10.26,0.06,-1
2021-12-10,1.32,1.34,1.18,1.19,457230,-0.13,0.16,-10.92,13.84,0.08,-1
2021-12-09,1.33,1.39,1.26,1.29,351575,-0.04,0.13,-3.1,10.4,0.07,-1
2021-12-08,1.24,1.34,1.21,1.31,408545,0.07,0.13,5.34,10.28,0.07,1
2021-12-07,1.3,1.41,1.15,1.2,372038,-0.1,0.26,-8.33,21.67,0.13,-1
2021-12-06,1.35,1.39,1.2,1.29,360166,-0.06,0.19,-4.65,15.12,0.1,-1
2021-12-03,1.6,1.7,1.36,1.38,309589,-0.22,0.34,-15.94,24.64,0.17,-1
2021-12-02,1.63,1.65,1.47,1.65,297093,0.02,0.18,1.21,10.91,0.09,-1
2021-12-01,1.64,1.71,1.58,1.65,280552,0.01,0.13,0.61,7.88,0.06,-1
2021-11-30,1.72,1.74,1.58,1.68,291333,-0.04,0.16,-2.38,9.55,0.08,-1
2021-11-29,1.7,1.84,1.68,1.68,287416,-0.02,0.16,-1.19,9.31,0.08,-1
2021-11-26,1.72,1.8,1.67,1.7,641932,-0.02,0.13,-1.18,7.65,0.07,-1
2021-11-24,1.73,1.85,1.67,1.75,324256,0.02,0.18,1.14,10.29,0.09,1
2021-11-23,1.7,1.8,1.66,1.71,298232,0.01,0.14,0.58,8.19,0.07,-1
2021-11-22,1.63,1.82,1.63,1.73,302713,0.1,0.19,5.78,10.98,0.1,1
2021-11-19,1.65,1.84,1.61,1.67,294461,0.02,0.23,1.2,13.77,0.12,-1
2021-11-18,1.73,1.92,1.6,1.68,338330,-0.05,0.32,-2.98,19.05,0.16,-1
2021-11-17,1.7,1.82,1.66,1.78,357528,0.08,0.16,4.49,8.99,0.08,1
2021-11-16,1.64,1.77,1.63,1.71,307018,0.07,0.14,4.09,8.07,0.07,1
2021-11-15,1.65,1.76,1.63,1.63,265300,-0.02,0.13,-1.23,7.98,0.07,-1
2021-11-12,1.63,1.71,1.61,1.71,206994,0.08,0.1,4.68,5.79,0.05,1
2021-11-11,1.68,1.74,1.6,1.6,351726,-0.08,0.15,-5.0,9.06,0.07,1
2021-11-10,1.92,2.25,1.36,1.57,3461262,-0.35,0.89,-22.29,56.69,0.44,-1
2021-11-09,2.5,2.51,2.33,2.46,176545,-0.04,0.18,-1.63,7.32,0.09,-1
2021-11-08,2.43,2.65,2.42,2.5,120988,0.07,0.23,2.8,9.2,0.12,1
2021-11-05,2.55,2.69,2.45,2.49,102232,-0.06,0.24,-2.41,9.65,0.12,-1
2021-11-04,2.61,2.69,2.57,2.57,103531,-0.04,0.12,-1.56,4.67,0.06,-1
2021-11-03,2.54,2.72,2.54,2.63,136784,0.09,0.18,3.42,6.84,0.09,1
2021-11-02,2.55,2.68,2.51,2.55,59696,0.0,0.17,0.0,6.67,0.09,-1
2021-11-01,2.57,2.65,2.54,2.64,51290,0.07,0.11,2.65,4.26,0.06,1
2021-10-29,2.63,2.7,2.51,2.54,54381,-0.09,0.19,-3.54,7.48,0.1,-1
2021-10-28,2.73,2.76,2.61,2.67,39539,-0.06,0.15,-2.25,5.62,0.07,-1
2021-10-27,2.75,2.79,2.68,2.73,78919,-0.02,0.11,-0.73,4.03,0.05,-1
2021-10-26,2.76,2.84,2.71,2.74,44493,-0.02,0.13,-0.73,4.75,0.06,1
2021-10-25,2.69,2.78,2.67,2.72,35071,0.03,0.11,1.1,4.04,0.05,1
2021-10-22,2.8,2.83,2.68,2.69,57386,-0.11,0.15,-4.09,5.58,0.07,-1
2021-10-21,2.79,2.91,2.76,2.83,116789,0.04,0.15,1.41,5.45,0.08,1
2021-10-20,2.8,2.92,2.7,2.78,120938,-0.02,0.22,-0.72,7.91,0.11,-1
2021-10-19,2.98,2.98,2.7,2.82,171011,-0.15,0.28,-5.41,9.83,0.14,-1
2021-10-18,2.87,3.06,2.83,2.83,14922,-0.04,0.23,-1.58,8.13,0.12,-1
2021-10-15,2.83,2.91,2.76,2.88,48875,0.05,0.16,1.74,5.38,0.08,1
2021-10-14,2.94,2.96,2.75,2.78,98237,-0.16,0.21,-5.76,7.51,0.1,-1
2021-10-13,3.02,3.3,2.91,2.96,344909,-0.06,0.39,-2.03,13.18,0.19,1
2021-10-12,2.98,3.12,2.94,2.95,80098,-0.03,0.18,-1.01,6.1,0.09,-1
2021-10-11,2.97,3.02,2.94,2.96,21764,-0.01,0.08,-0.34,2.7,0.04,1
2021-10-08,2.92,2.99,2.92,2.94,11351,0.02,0.07,0.68,2.38,0.04,1
2021-10-07,2.91,3.11,2.91,2.93,16755,0.02,0.2,0.68,6.92,0.1,-1
2021-10-06,3.09,3.13,2.92,2.94,18196,-0.15,0.21,-5.1,7.14,0.1,-1
2021-10-05,2.91,3.04,2.91,3.0,25900,0.09,0.13,3.0,4.33,0.06,1
2021-10-04,2.98,3.05,2.9,2.93,42534,-0.05,0.15,-1.71,5.12,0.07,-1
2021-10-01,3.29,3.3,2.84,3.0,194058,-0.29,0.46,-9.67,15.33,0.23,-1
2021-09-30,3.36,3.42,3.23,3.24,38988,-0.12,0.19,-3.7,5.86,0.09,-1
2021-09-29,3.45,3.48,3.33,3.36,86120,-0.09,0.15,-2.68,4.45,0.07,-1
2021-09-28,3.45,3.53,3.31,3.43,68692,-0.02,0.22,-0.58,6.52,0.11,-1
2021-09-27,3.46,3.51,3.44,3.49,22976,0.03,0.07,0.86,1.87,0.03,1
2021-09-24,3.6,3.61,3.38,3.42,156806,-0.18,0.23,-5.26,6.73,0.12,-1
2021-09-23,3.9,3.9,3.51,3.58,174453,-0.32,0.39,-8.94,10.89,0.2,-1
2021-09-22,3.56,4.01,3.52,3.96,1969309,0.4,0.49,10.1,12.37,0.24,1
2021-09-21,3.59,3.59,3.48,3.56,44201,-0.03,0.11,-0.84,3.09,0.05,1
2021-09-20,3.45,3.65,3.42,3.47,117625,0.02,0.23,0.58,6.77,0.12,-1
2021-09-17,3.45,3.76,3.32,3.58,209977,0.13,0.44,3.63,12.29,0.22,1
2021-09-16,3.53,3.53,3.41,3.41,7629,-0.12,0.12,-3.66,3.66,0.06,-1
2021-09-15,3.48,3.51,3.47,3.48,10413,0.0,0.04,0.06,1.15,0.02,-1
2021-09-14,3.52,3.58,3.5,3.57,12093,0.05,0.08,1.4,2.24,0.04,1
2021-09-13,3.56,3.6,3.52,3.54,12935,-0.02,0.08,-0.56,2.26,0.04,-1
2021-09-10,3.74,3.74,3.6,3.6,68542,-0.14,0.14,-3.89,3.89,0.07,-1
2021-09-09,3.49,3.82,3.45,3.76,160263,0.27,0.38,7.12,9.97,0.19,1
2021-09-08,3.61,3.65,3.42,3.48,37544,-0.13,0.23,-3.74,6.47,0.11,-1
2021-09-07,3.6,3.74,3.4,3.67,81970,0.07,0.34,1.91,9.26,0.17,1
2021-09-03,3.6,3.6,3.5,3.52,231980,-0.08,0.1,-2.27,2.84,0.05,-1
2021-09-02,3.51,3.6,3.51,3.58,11432,0.07,0.09,1.96,2.51,0.05,1
2021-09-01,3.61,3.64,3.45,3.5,20287,-0.11,0.19,-3.14,5.34,0.09,-1
2021-08-31,3.45,3.68,3.42,3.61,175371,0.16,0.26,4.43,7.2,0.13,1
2021-08-30,3.42,3.5,3.33,3.43,52770,0.01,0.17,0.29,4.96,0.08,1
2021-08-27,3.58,3.58,3.34,3.35,57855,-0.23,0.24,-6.87,7.1,0.12,-1
2021-08-26,3.59,3.64,3.55,3.57,18220,-0.02,0.09,-0.56,2.49,0.04,-1
2021-08-25,3.6,3.65,3.54,3.64,20729,0.04,0.11,1.1,3.02,0.05,1
2021-08-24,3.57,3.6,3.52,3.55,27665,-0.02,0.08,-0.56,2.25,0.04,1
2021-08-23,3.47,3.55,3.45,3.53,44762,0.06,0.1,1.7,2.83,0.05,1
2021-08-20,3.5,3.5,3.3,3.37,51372,-0.13,0.2,-3.86,5.98,0.1,-1
2021-08-19,3.59,3.6,3.4,3.46,28316,-0.13,0.2,-3.76,5.78,0.1,-1
2021-08-18,3.71,3.74,3.6,3.6,23553,-0.11,0.14,-3.06,3.89,0.07,-1
2021-08-17,3.81,3.82,3.67,3.68,47417,-0.13,0.15,-3.53,3.94,0.07,-1
2021-08-16,3.91,3.94,3.81,3.81,77695,-0.1,0.13,-2.62,3.41,0.06,-1
2021-08-13,3.95,4.0,3.93,3.99,23654,0.04,0.07,1.08,1.67,0.03,1
2021-08-12,4.1,4.1,3.85,3.98,65317,-0.12,0.25,-3.14,6.29,0.12,-1
2021-08-11,4.05,4.23,4.03,4.16,127828,0.11,0.2,2.64,4.81,0.1,1
2021-08-10,4.01,4.35,3.95,4.03,210867,0.02,0.4,0.5,9.93,0.2,1
2021-08-09,4.0,4.09,3.92,4.02,72021,0.02,0.17,0.5,4.23,0.08,1
2021-08-06,4.04,4.06,3.93,3.94,37474,-0.1,0.13,-2.54,3.3,0.06,-1
2021-08-05,3.91,4.12,3.88,3.98,328756,0.07,0.24,1.76,6.03,0.12,-1
2021-08-04,4.02,4.02,3.93,3.98,18229,-0.04,0.09,-1.01,2.26,0.04,-1
2021-08-03,3.92,4.11,3.92,4.03,44464,0.11,0.19,2.73,4.71,0.1,1
2021-08-02,3.92,4.05,3.92,3.95,59361,0.03,0.13,0.76,3.29,0.06,1
2021-07-30,3.82,3.99,3.8,3.88,61806,0.06,0.19,1.55,4.86,0.09,-1
2021-07-29,3.85,3.98,3.8,3.91,36251,0.06,0.18,1.53,4.6,0.09,1
2021-07-28,3.78,3.83,3.72,3.77,36981,-0.01,0.11,-0.27,3.03,0.06,-1
2021-07-27,3.86,3.91,3.75,3.77,36426,-0.09,0.16,-2.5,4.24,0.08,-1
2021-07-26,3.83,3.9,3.83,3.9,55237,0.07,0.07,1.79,1.79,0.03,1
2021-07-23,4.08,4.1,3.8,3.83,149277,-0.25,0.3,-6.53,7.83,0.15,-1
2021-07-22,4.26,4.32,4.12,4.17,68890,-0.09,0.2,-2.12,4.8,0.1,-1
2021-07-21,4.18,4.44,4.16,4.4,189973,0.22,0.28,5.0,6.48,0.14,1
2021-07-20,4.04,4.18,4.04,4.14,107164,0.1,0.14,2.42,3.38,0.07,1
2021-07-19,4.13,4.15,3.96,4.01,147611,-0.12,0.19,-2.99,4.74,0.1,-1
2021-07-16,4.13,4.4,4.1,4.22,129357,0.09,0.3,2.13,7.02,0.15,1
2021-07-15,4.14,4.23,4.13,4.13,76860,-0.01,0.1,-0.24,2.42,0.05,-1
2021-07-14,4.2,4.27,4.1,4.16,56024,-0.04,0.17,-0.96,4.09,0.08,-1
2021-07-13,4.29,4.5,4.18,4.19,112233,-0.1,0.32,-2.39,7.64,0.16,-1
2021-07-12,4.23,4.52,4.18,4.39,419487,0.16,0.34,3.64,7.74,0.17,1
2021-07-09,4.12,4.46,4.12,4.23,299419,0.11,0.34,2.6,8.04,0.17,1
2021-07-08,4.07,4.14,4.04,4.09,72998,0.02,0.1,0.49,2.44,0.05,-1
2021-07-07,4.21,4.21,4.12,4.16,72953,-0.05,0.09,-1.2,2.16,0.04,-1
2021-07-06,4.06,4.26,4.05,4.25,93479,0.19,0.21,4.47,4.94,0.1,1
2021-07-02,4.2,4.23,4.12,4.22,111222,0.02,0.11,0.47,2.61,0.06,1
2021-07-01,4.18,4.23,4.11,4.2,56947,0.02,0.12,0.48,2.92,0.06,-1
2021-06-30,4.09,4.24,4.03,4.21,204521,0.12,0.21,2.85,5.02,0.11,1
2021-06-29,4.09,4.11,4.0,4.09,167240,0.0,0.11,0.0,2.69,0.06,-1
2021-06-28,3.92,4.16,3.9,4.09,236202,0.17,0.26,4.16,6.23,0.13,1
2021-06-25,3.92,4.04,3.91,3.96,231551,0.04,0.13,1.01,3.28,0.06,1
2021-06-24,4.0,4.13,3.9,3.92,208692,-0.08,0.23,-2.04,5.87,0.12,-1
2021-06-23,3.83,4.1,3.8,4.02,329303,0.19,0.3,4.73,7.38,0.15,1
2021-06-22,3.88,3.94,3.73,3.85,475465,-0.03,0.21,-0.78,5.58,0.11,-1
2021-06-21,4.36,4.36,3.87,3.87,1903742,-0.49,0.49,-12.66,12.66,0.25,-1
2021-06-18,5.28,5.6,4.45,4.58,42852174,-0.7,1.15,-15.28,25.11,0.57,1
2021-06-17,4.28,4.43,4.26,4.33,39300,0.05,0.17,1.15,3.93,0.08,1
2021-06-16,4.3,4.4,4.21,4.3,57684,-0.0,0.19,-0.05,4.42,0.1,-1
2021-06-15,4.36,4.44,4.3,4.35,57477,-0.01,0.14,-0.23,3.22,0.07,-1
2021-06-14,4.42,4.45,4.3,4.35,48373,-0.07,0.15,-1.61,3.36,0.07,-1
2021-06-11,4.45,4.52,4.43,4.45,24563,0.0,0.09,0.0,2.02,0.04,-1
2021-06-10,4.42,4.55,4.42,4.46,88532,0.04,0.13,0.89,2.91,0.06,1
2021-06-09,4.41,4.5,4.4,4.43,41923,0.02,0.1,0.45,2.26,0.05,-1
2021-06-08,4.52,4.68,4.37,4.45,192579,-0.07,0.31,-1.57,6.97,0.15,-1
2021-06-07,4.36,4.52,4.35,4.45,123506,0.09,0.17,2.02,3.82,0.08,1
2021-06-04,4.4,4.5,4.31,4.38,85651,-0.02,0.19,-0.45,4.34,0.1,1
2021-06-03,4.2,4.44,4.2,4.32,123677,0.12,0.24,2.78,5.56,0.12,1
2021-06-02,4.35,4.48,4.26,4.3,162795,-0.05,0.22,-1.16,5.12,0.11,1
2021-06-01,4.37,4.4,4.25,4.28,103712,-0.09,0.15,-2.1,3.5,0.08,-1
2021-05-28,4.49,4.67,4.3,4.32,218559,-0.17,0.37,-3.94,8.56,0.19,-1
2021-05-27,4.77,5.14,4.5,4.63,821287,-0.14,0.64,-3.02,13.9,0.32,-1
2021-05-26,4.6,4.88,4.35,4.88,799940,0.28,0.53,5.74,10.78,0.26,1
2021-05-25,5.62,5.66,4.53,4.77,13696625,-0.85,1.13,-17.82,23.69,0.56,1
2021-05-24,4.75,4.88,4.46,4.68,46707,-0.07,0.42,-1.5,8.97,0.21,1
2021-05-21,4.33,4.66,4.33,4.54,13589,0.21,0.33,4.63,7.26,0.16,1
2021-05-20,4.52,4.86,4.33,4.4,28648,-0.12,0.53,-2.73,12.05,0.27,-1
2021-05-19,4.57,4.66,4.26,4.52,16967,-0.05,0.39,-1.11,8.74,0.2,-1
2021-05-18,4.39,4.72,4.28,4.56,16204,0.17,0.44,3.73,9.73,0.22,1
2021-05-17,4.2,4.4,4.17,4.25,7113,0.05,0.23,1.18,5.41,0.12,1
2021-05-14,4.07,4.21,4.05,4.11,21342,0.04,0.16,0.97,3.89,0.08,1
2021-05-13,4.23,4.37,4.03,4.09,28832,-0.14,0.34,-3.42,8.31,0.17,-1
2021-05-12,4.46,4.46,4.22,4.29,23376,-0.17,0.24,-3.96,5.59,0.12,-1
2021-05-11,4.16,4.49,4.16,4.41,56306,0.25,0.33,5.67,7.48,0.17,1
2021-05-10,4.64,4.73,4.26,4.33,48967,-0.31,0.47,-7.16,10.85,0.24,-1
2021-05-07,4.89,5.08,4.56,4.69,41631,-0.2,0.52,-4.26,11.09,0.26,-1
2021-05-06,4.99,4.99,4.74,4.85,29488,-0.14,0.25,-2.89,5.15,0.12,-1
2021-05-05,4.98,5.05,4.95,4.99,37111,0.01,0.1,0.2,1.96,0.05,-1
2021-05-04,5.53,5.53,4.94,4.99,86746,-0.54,0.59,-10.82,11.82,0.29,-1
2021-05-03,5.7,5.84,5.52,5.57,33475,-0.13,0.32,-2.33,5.83,0.16,-1
2021-04-30,5.69,5.75,5.49,5.75,110159,0.06,0.26,1.04,4.52,0.13,1
2021-04-29,5.59,6.08,5.35,5.47,166769,-0.12,0.73,-2.19,13.28,0.36,-1
2021-04-28,5.21,5.55,5.16,5.55,47607,0.34,0.39,6.13,7.12,0.2,1
2021-04-27,5.19,5.32,5.01,5.2,36803,0.01,0.31,0.19,5.96,0.16,1
2021-04-26,5.11,5.21,4.9,5.19,51072,0.08,0.31,1.54,5.97,0.15,1
2021-04-23,5.08,5.1,4.92,5.1,23617,0.02,0.18,0.39,3.51,0.09,1
2021-04-22,4.88,5.2,4.79,5.01,82101,0.13,0.41,2.59,8.25,0.21,1
2021-04-21,4.42,5.0,4.35,4.87,81995,0.45,0.65,9.24,13.34,0.32,1
2021-04-20,4.92,4.99,4.5,4.51,189132,-0.41,0.49,-9.09,10.86,0.25,-1
2021-04-19,5.73,5.73,4.9,5.06,3298827,-0.67,0.83,-13.24,16.4,0.42,1
2021-04-16,5.62,5.62,5.0,5.0,2073130,-0.62,0.62,-12.4,12.4,0.31,-1
2021-04-15,5.65,5.79,5.45,5.6,97803,-0.05,0.34,-0.89,6.07,0.17,1
2021-04-14,5.63,5.8,5.5,5.57,43115,-0.06,0.3,-1.08,5.35,0.15,-1
2021-04-13,5.36,5.8,5.36,5.6,67684,0.24,0.44,4.29,7.86,0.22,1
2021-04-12,5.75,5.75,5.41,5.43,59426,-0.32,0.34,-5.89,6.2,0.17,-1
2021-04-09,5.65,5.87,5.65,5.77,89721,0.12,0.22,2.08,3.81,0.11,1
2021-04-08,5.7,6.09,5.5,5.65,292612,-0.05,0.59,-0.88,10.43,0.29,-1
2021-04-07,6.1,6.57,5.55,5.69,716211,-0.41,1.02,-7.21,17.93,0.51,-1
2021-04-06,5.92,6.4,5.81,6.13,90606,0.21,0.59,3.43,9.6,0.29,1
2021-04-05,6.02,6.2,5.85,5.92,20208,-0.1,0.35,-1.69,5.91,0.17,-1
2021-04-01,6.01,6.28,5.81,6.01,73477,0.0,0.47,0.0,7.82,0.24,1
2021-03-31,5.83,5.99,5.63,5.99,25867,0.16,0.36,2.67,6.01,0.18,1
2021-03-30,5.53,5.76,5.35,5.61,44433,0.08,0.41,1.43,7.31,0.21,1
2021-03-29,5.68,5.9,5.5,5.56,59286,-0.12,0.4,-2.16,7.22,0.2,-1
2021-03-26,5.87,5.89,5.67,5.79,60694,-0.08,0.22,-1.38,3.8,0.11,-1
2021-03-25,5.9,6.0,5.74,5.9,82786,0.0,0.26,0.0,4.39,0.13,-1
2021-03-24,6.35,6.64,6.0,6.01,233973,-0.34,0.64,-5.66,10.65,0.32,-1
2021-03-23,6.71,6.76,6.18,6.27,118185,-0.44,0.58,-7.02,9.33,0.29,-1
2021-03-22,7.07,7.07,6.51,6.62,320370,-0.45,0.56,-6.8,8.46,0.28,-1
2021-03-19,6.77,7.19,6.67,7.01,100534,0.24,0.52,3.42,7.42,0.26,1
2021-03-18,6.83,7.29,6.82,6.93,104882,0.1,0.47,1.39,6.78,0.23,-1
2021-03-17,6.75,7.18,6.75,7.15,67586,0.4,0.43,5.59,6.01,0.21,1
2021-03-16,7.25,7.68,6.72,6.92,465609,-0.33,0.96,-4.77,13.87,0.48,-1
2021-03-15,6.77,7.6,6.77,7.36,327774,0.59,0.83,8.02,11.28,0.42,1
2021-03-12,6.58,7.03,6.51,6.87,159656,0.29,0.52,4.22,7.57,0.26,-1
2021-03-11,6.7,7.2,6.01,6.91,444741,0.21,1.19,3.04,17.22,0.6,1
2021-03-10,7.64,7.78,6.52,6.7,1484606,-0.94,1.26,-14.03,18.81,0.63,-1
2021-03-09,9.98,12.09,7.52,8.61,43150567,-1.37,4.57,-15.91,53.08,2.28,1
2021-03-08,5.8,5.99,5.65,5.8,25033,0.0,0.34,0.0,5.86,0.17,-1
2021-03-05,5.95,6.09,5.15,5.8,81652,-0.15,0.94,-2.59,16.21,0.47,-1
2021-03-04,6.21,6.3,5.91,5.91,108100,-0.3,0.39,-5.08,6.6,0.19,-1
2021-03-03,6.7,6.86,6.28,6.28,28722,-0.42,0.58,-6.69,9.18,0.29,-1
2021-03-02,6.92,7.11,6.6,6.69,56686,-0.23,0.51,-3.44,7.62,0.26,-1
2021-03-01,6.85,7.18,6.64,6.92,41964,0.07,0.54,1.01,7.8,0.27,1
2021-02-26,6.6,6.89,6.36,6.61,60427,0.01,0.52,0.15,7.94,0.26,-1
2021-02-25,6.75,7.15,6.6,6.67,67850,-0.08,0.55,-1.2,8.25,0.28,-1
2021-02-24,6.63,7.35,6.62,6.85,205090,0.22,0.73,3.21,10.66,0.36,1
2021-02-23,7.0,7.05,6.6,6.72,126606,-0.28,0.45,-4.17,6.66,0.22,-1
2021-02-22,7.01,7.19,7.0,7.14,109979,0.13,0.19,1.82,2.65,0.09,-1
2021-02-19,7.5,7.54,7.01,7.23,120995,-0.27,0.53,-3.73,7.33,0.27,-1
2021-02-18,8.12,8.2,6.93,7.46,284503,-0.66,1.27,-8.85,17.02,0.63,-1
2021-02-17,7.11,8.23,6.61,7.7,1292069,0.59,1.62,7.66,21.04,0.81,1
2021-02-16,5.96,6.83,5.96,6.21,349127,0.25,0.87,4.03,13.97,0.43,1
2021-02-12,5.91,6.06,5.87,5.87,32976,-0.04,0.19,-0.68,3.24,0.09,-1
2021-02-11,5.98,6.13,5.82,5.9,59935,-0.08,0.31,-1.36,5.2,0.15,-1
2021-02-10,6.08,6.18,5.96,6.07,68832,-0.01,0.22,-0.16,3.61,0.11,-1
2021-02-09,6.11,6.24,6.03,6.14,45880,0.03,0.21,0.49,3.42,0.1,1
2021-02-08,6.17,6.2,6.0,6.12,89765,-0.05,0.2,-0.82,3.27,0.1,1
2021-02-05,5.89,5.97,5.75,5.94,31936,0.05,0.22,0.84,3.7,0.11,1
2021-02-04,5.61,5.79,5.6,5.79,31937,0.18,0.19,3.11,3.28,0.1,1
2021-02-03,5.57,5.7,5.54,5.65,26705,0.08,0.16,1.42,2.83,0.08,1
2021-02-02,5.92,5.92,5.55,5.61,28573,-0.31,0.37,-5.53,6.6,0.19,-1
2021-02-01,5.9,6.0,5.56,5.63,95059,-0.27,0.44,-4.8,7.82,0.22,1
2021-01-29,5.46,5.68,5.41,5.55,26889,0.09,0.27,1.62,4.86,0.13,-1
2021-01-28,5.37,5.74,5.37,5.55,33614,0.18,0.37,3.24,6.67,0.19,1
2021-01-27,5.75,5.87,5.28,5.37,110302,-0.38,0.59,-7.08,11.0,0.3,-1
2021-01-26,5.95,6.04,5.8,5.9,87595,-0.05,0.24,-0.85,4.07,0.12,-1
2021-01-25,5.86,6.2,5.86,5.93,29704,0.07,0.34,1.18,5.73,0.17,1
2021-01-22,5.93,6.05,5.91,5.92,23701,-0.01,0.14,-0.17,2.36,0.07,-1
2021-01-21,5.88,6.2,5.8,6.0,67539,0.12,0.4,2.0,6.67,0.2,1
2021-01-20,6.11,6.11,5.61,5.85,46003,-0.26,0.5,-4.44,8.55,0.25,-1
2021-01-19,5.7,6.97,5.56,6.18,485846,0.48,1.41,7.84,22.8,0.7,1
2021-01-15,5.75,5.8,5.66,5.74,24726,-0.01,0.14,-0.17,2.44,0.07,1
2021-01-14,5.9,5.95,5.71,5.71,34905,-0.19,0.24,-3.33,4.2,0.12,-1
2021-01-13,5.86,5.97,5.75,5.94,72291,0.08,0.22,1.35,3.7,0.11,1
2021-01-12,5.72,5.96,5.62,5.81,61210,0.09,0.34,1.55,5.94,0.17,1
2021-01-11,6.0,6.0,5.69,5.75,66318,-0.25,0.31,-4.35,5.39,0.15,1
2021-01-08,5.57,5.8,5.57,5.65,49296,0.08,0.23,1.42,4.07,0.11,1
2021-01-07,5.49,5.66,5.46,5.56,34150,0.07,0.2,1.26,3.6,0.1,1
2021-01-06,5.55,5.72,5.49,5.49,62935,-0.06,0.23,-1.09,4.19,0.11,-1
2021-01-05,5.39,5.74,5.33,5.5,62172,0.11,0.41,2.0,7.51,0.21,1
2021-01-04,5.32,5.45,5.3,5.39,36620,0.07,0.15,1.3,2.78,0.08,1
2020-12-31,5.49,5.59,5.25,5.3,43974,-0.19,0.34,-3.58,6.42,0.17,-1
2020-12-30,5.3,5.61,5.3,5.55,59961,0.25,0.31,4.5,5.59,0.16,1
2020-12-29,5.13,5.54,5.12,5.42,129377,0.29,0.42,5.35,7.75,0.21,1
2020-12-28,5.58,5.69,5.06,5.11,210423,-0.47,0.64,-9.2,12.43,0.32,-1
2020-12-24,5.49,5.69,5.41,5.65,89178,0.16,0.28,2.83,4.96,0.14,1
2020-12-23,5.65,5.84,5.44,5.5,116164,-0.15,0.4,-2.73,7.27,0.2,-1
2020-12-22,6.01,6.27,5.58,5.58,678468,-0.43,0.7,-7.8,12.52,0.35,-1
2020-12-21,5.77,6.1,5.73,6.03,433919,0.26,0.37,4.31,6.14,0.18,1
2020-12-18,5.84,6.0,5.73,5.78,452028,-0.06,0.27,-1.04,4.67,0.13,-1
2020-12-17,5.78,6.0,5.65,5.84,166724,0.06,0.35,1.03,5.99,0.17,-1
2020-12-16,6.04,6.06,5.6,5.88,196127,-0.16,0.46,-2.72,7.82,0.23,-1
2020-12-15,5.6,6.15,5.56,6.12,1093514,0.52,0.59,8.5,9.64,0.3,1
2020-12-14,8.45,8.65,5.62,5.7,30961420,-2.75,3.03,-48.25,53.16,1.52,1
2020-12-11,4.56,4.69,4.16,4.22,74508,-0.34,0.53,-8.06,12.56,0.27,-1
2020-12-10,4.51,4.89,4.51,4.54,22726,0.03,0.38,0.66,8.37,0.19,-1
2020-12-09,4.79,4.8,4.55,4.55,37430,-0.24,0.25,-5.27,5.56,0.13,-1
2020-12-08,4.45,4.95,4.3,4.84,188663,0.39,0.65,8.06,13.43,0.33,1
2020-12-07,4.73,4.89,4.43,4.43,100163,-0.3,0.46,-6.77,10.43,0.23,-1
2020-12-04,5.07,5.16,4.72,4.75,104414,-0.32,0.44,-6.74,9.21,0.22,-1
2020-12-03,5.1,5.29,4.98,5.14,87772,0.04,0.31,0.78,6.03,0.15,1
2020-12-02,4.72,5.55,4.5,5.09,550563,0.37,1.05,7.27,20.63,0.52,1
2020-12-01,5.7,5.7,4.58,4.84,311376,-0.86,1.12,-17.77,23.14,0.56,-1
2020-11-30,5.91,5.91,5.21,5.74,481500,-0.17,0.7,-2.96,12.2,0.35,-1
2020-11-27,6.89,6.89,6.15,6.2,1087671,-0.69,0.74,-11.13,11.94,0.37,-1
2020-11-25,8.09,8.48,6.35,7.14,40852059,-0.95,2.13,-13.31,29.83,1.07,1
2020-11-24,3.49,3.84,3.42,3.5,129930,0.01,0.42,0.29,12.05,0.21,1
2020-11-23,3.41,3.6,3.3,3.49,82396,0.08,0.3,2.29,8.6,0.15,1
2020-11-20,3.44,3.68,3.35,3.4,31282,-0.04,0.33,-1.18,9.71,0.17,1
2020-11-19,3.31,3.36,3.23,3.25,58189,-0.06,0.13,-1.85,4.0,0.06,-1
2020-11-18,3.42,3.43,3.27,3.27,64632,-0.15,0.16,-4.59,4.89,0.08,-1
2020-11-17,3.55,3.6,3.37,3.41,24125,-0.14,0.23,-4.11,6.66,0.11,-1
2020-11-16,3.5,3.84,3.43,3.48,13519,-0.02,0.41,-0.57,11.78,0.2,1
2020-11-13,3.56,3.6,3.45,3.47,26104,-0.09,0.15,-2.59,4.32,0.07,-1
2020-11-12,3.64,3.68,3.51,3.54,21281,-0.1,0.17,-2.82,4.8,0.09,-1
2020-11-11,3.57,3.77,3.51,3.54,50690,-0.03,0.26,-0.95,7.34,0.13,-1
2020-11-10,3.79,3.85,3.51,3.61,140600,-0.18,0.34,-4.99,9.34,0.17,1
2020-11-09,3.82,3.97,3.51,3.56,51619,-0.26,0.46,-7.3,12.92,0.23,-1
2020-11-06,3.9,3.97,3.56,3.8,90419,-0.1,0.41,-2.77,10.8,0.21,-1
2020-11-05,4.07,4.12,3.85,3.94,79499,-0.13,0.27,-3.3,6.73,0.13,-1
2020-11-04,4.16,4.16,3.75,4.08,161642,-0.08,0.41,-1.96,10.05,0.21,-1
2020-11-03,3.7,4.23,3.7,4.21,892366,0.51,0.53,12.11,12.59,0.27,1
2020-11-02,4.15,4.29,3.53,3.92,19175869,-0.23,0.76,-5.87,19.39,0.38,1
2020-10-30,3.34,3.39,3.18,3.21,18389,-0.13,0.21,-4.13,6.55,0.1,-1
2020-10-29,3.48,3.49,3.32,3.36,15066,-0.12,0.17,-3.57,5.06,0.09,-1
2020-10-28,3.5,3.54,3.3,3.48,19092,-0.02,0.25,-0.63,7.04,0.12,-1
2020-10-27,3.58,3.62,3.42,3.56,12023,-0.02,0.2,-0.56,5.62,0.1,1
2020-10-26,3.69,3.7,3.45,3.47,95478,-0.22,0.25,-6.34,7.2,0.12,-1
2020-10-23,3.59,3.64,3.5,3.59,3978,0.0,0.14,0.0,3.9,0.07,1
2020-10-22,3.42,3.71,3.4,3.5,50912,0.08,0.31,2.29,8.9,0.16,1
2020-10-21,3.39,3.5,3.38,3.38,10133,-0.01,0.12,-0.3,3.55,0.06,-1
2020-10-20,3.51,3.67,3.42,3.42,14299,-0.09,0.25,-2.63,7.31,0.12,-1
2020-10-19,3.41,3.58,3.41,3.48,4444,0.07,0.17,2.01,4.92,0.09,-1
2020-10-16,3.59,3.61,3.5,3.5,23998,-0.09,0.11,-2.57,3.14,0.05,-1
2020-10-15,3.61,3.61,3.39,3.52,22429,-0.09,0.22,-2.47,6.17,0.11,-1
2020-10-14,3.6,3.67,3.52,3.52,8337,-0.08,0.15,-2.27,4.26,0.07,-1
2020-10-13,3.85,3.85,3.58,3.58,14953,-0.27,0.27,-7.54,7.54,0.14,-1
2020-10-12,3.86,3.99,3.2,3.7,93092,-0.16,0.79,-4.32,21.35,0.4,-1
2020-10-09,3.89,3.95,3.76,3.85,18821,-0.04,0.19,-0.94,4.93,0.1,-1
2020-10-08,3.73,3.88,3.73,3.88,12757,0.15,0.15,3.87,3.87,0.07,1
2020-10-07,3.86,3.95,3.62,3.73,60932,-0.13,0.33,-3.49,8.82,0.16,-1
2020-10-06,3.66,3.85,3.35,3.81,50985,0.15,0.5,3.88,13.13,0.25,1
2020-10-05,3.85,3.92,3.15,3.41,69983,-0.44,0.77,-12.9,22.7,0.39,-1
2020-10-02,3.74,3.92,3.73,3.85,19906,0.11,0.19,2.86,4.91,0.09,-1
2020-10-01,3.9,4.05,3.73,3.9,41832,0.0,0.32,0.0,8.21,0.16,1
2020-09-30,3.9,4.15,3.71,3.74,33664,-0.16,0.44,-4.28,11.76,0.22,-1
2020-09-29,3.9,4.1,3.88,3.95,31378,0.05,0.22,1.27,5.57,0.11,1
2020-09-28,4.25,4.31,3.65,3.88,56007,-0.38,0.66,-9.68,17.03,0.33,-1
2020-09-25,4.36,4.41,4.2,4.2,34118,-0.16,0.21,-3.81,5.0,0.11,-1
2020-09-24,4.64,4.64,4.24,4.46,28705,-0.18,0.4,-4.04,8.97,0.2,-1
2020-09-23,4.81,4.81,4.53,4.68,59756,-0.13,0.28,-2.78,6.09,0.14,-1
2020-09-22,4.9,4.91,4.7,4.88,81279,-0.02,0.21,-0.31,4.3,0.1,1
2020-09-21,4.97,4.97,4.71,4.76,51002,-0.21,0.26,-4.41,5.46,0.13,-1
2020-09-18,5.07,5.18,4.77,4.84,41896,-0.23,0.42,-4.75,8.57,0.21,-1
2020-09-17,5.0,5.5,4.88,5.2,80026,0.2,0.62,3.75,11.93,0.31,1
2020-09-16,4.97,5.04,4.8,4.9,44928,-0.07,0.24,-1.43,4.8,0.12,1
2020-09-15,4.82,5.35,4.5,4.88,544257,0.06,0.85,1.23,17.42,0.42,1
2020-09-14,4.49,4.72,4.36,4.67,13521,0.18,0.36,3.85,7.74,0.18,1
2020-09-11,4.44,4.67,4.39,4.54,12767,0.1,0.28,2.2,6.07,0.14,1
2020-09-10,4.75,4.85,4.3,4.38,44804,-0.37,0.55,-8.45,12.56,0.27,-1
2020-09-09,4.59,4.8,4.5,4.8,72794,0.21,0.3,4.38,6.25,0.15,1
2020-09-08,5.0,5.01,4.55,4.69,77179,-0.31,0.46,-6.61,9.81,0.23,-1
2020-09-04,5.4,6.08,5.09,5.15,1814213,-0.25,0.99,-4.95,19.22,0.5,1
2020-09-03,5.07,5.07,4.61,4.8,20913,-0.26,0.46,-5.46,9.47,0.23,-1
2020-09-02,5.26,5.38,5.03,5.14,34767,-0.12,0.34,-2.25,6.7,0.17,-1
2020-09-01,5.44,5.52,5.27,5.33,9369,-0.11,0.25,-2.03,4.69,0.12,-1
2020-08-31,5.26,5.72,5.26,5.43,9899,0.17,0.46,3.13,8.56,0.23,1
2020-08-28,5.53,5.77,5.24,5.27,22105,-0.26,0.53,-4.93,10.09,0.27,-1
2020-08-27,5.73,5.92,5.5,5.56,40554,-0.17,0.42,-3.06,7.55,0.21,-1
2020-08-26,5.6,6.23,5.6,5.78,36463,0.19,0.63,3.2,10.92,0.32,1
2020-08-25,5.58,5.75,5.43,5.75,24862,0.17,0.32,2.9,5.57,0.16,-1
2020-08-24,6.02,6.02,5.66,5.87,24341,-0.15,0.36,-2.56,6.13,0.18,-1
2020-08-21,6.23,6.35,5.85,5.97,14947,-0.26,0.5,-4.36,8.37,0.25,-1
2020-08-20,6.33,6.48,6.0,6.35,23671,0.02,0.48,0.31,7.56,0.24,1
2020-08-19,6.68,6.75,5.98,6.33,21789,-0.35,0.77,-5.53,12.16,0.38,-1
2020-08-18,6.95,6.97,6.51,6.75,28430,-0.2,0.46,-2.96,6.87,0.23,-1
2020-08-17,6.99,7.17,6.79,6.92,37563,-0.07,0.38,-1.01,5.45,0.19,-1
2020-08-14,6.91,7.3,6.5,7.24,45249,0.33,0.8,4.56,11.05,0.4,1
2020-08-13,6.82,7.2,6.5,7.05,29074,0.23,0.7,3.26,9.93,0.35,1
2020-08-12,7.3,7.3,6.5,6.85,79081,-0.45,0.8,-6.57,11.68,0.4,-1
2020-08-11,7.96,7.96,7.18,7.37,90829,-0.59,0.78,-8.01,10.52,0.39,-1
2020-08-10,6.88,8.0,6.8,8.0,405612,1.12,1.2,14.0,15.0,0.6,1
2020-08-07,9.65,10.6,6.8,7.6,15553620,-2.05,3.8,-26.97,50.0,1.9,1
2020-08-06,5.45,5.69,5.31,5.49,11372,0.04,0.38,0.73,6.92,0.19,-1
2020-08-05,6.07,6.24,5.59,5.59,12118,-0.48,0.65,-8.59,11.63,0.33,-1
2020-08-04,5.94,6.72,5.9,6.07,30012,0.13,0.82,2.14,13.51,0.41,1
2020-08-03,6.8,6.88,5.87,5.9,24744,-0.9,1.02,-15.25,17.25,0.51,-1
2020-07-31,6.0,6.6,6.0,6.35,18775,0.35,0.6,5.51,9.45,0.3,1
2020-07-30,6.6,7.22,5.25,5.9,39940,-0.7,1.96,-11.86,33.31,0.98,-1
2020-07-29,6.16,9.0,6.05,7.18,362303,1.02,2.95,14.21,41.09,1.48,1
2020-07-28,5.6,5.6,5.36,5.6,3157,0.0,0.24,0.0,4.35,0.12,1
2020-07-27,5.25,6.05,5.25,5.51,12480,0.26,0.8,4.72,14.52,0.4,1
2020-07-24,5.05,5.2,5.05,5.17,1633,0.12,0.15,2.32,2.9,0.08,-1
2020-07-23,5.27,5.27,5.22,5.22,2024,-0.05,0.05,-0.96,0.96,0.02,-1
2020-07-22,6.15,6.15,5.03,5.22,3994,-0.93,1.12,-17.82,21.46,0.56,-1
2020-07-21,6.0,6.05,5.7,5.7,1356,-0.3,0.35,-5.26,6.16,0.18,1
2020-07-20,5.68,5.85,5.43,5.62,3256,-0.06,0.42,-1.03,7.51,0.21,-1
2020-07-17,5.5,5.9,5.5,5.75,2783,0.25,0.4,4.35,6.96,0.2,1
2020-07-16,5.48,5.92,5.4,5.45,2481,-0.02,0.52,-0.46,9.49,0.26,1
2020-07-15,5.83,5.83,5.3,5.37,2482,-0.46,0.53,-8.57,9.87,0.27,1
2020-07-14,5.3,5.44,5.04,5.22,4069,-0.08,0.4,-1.63,7.75,0.2,1
2020-07-13,5.7,5.7,5.2,5.2,2643,-0.5,0.5,-9.62,9.62,0.25,-1
2020-07-10,5.45,5.48,5.34,5.34,1722,-0.11,0.14,-2.06,2.57,0.07,-1
2020-07-09,5.7,5.95,5.42,5.76,4018,0.06,0.53,1.04,9.18,0.26,-1
2020-07-08,6.4,6.6,5.96,6.25,4704,-0.15,0.63,-2.4,10.16,0.32,1
2020-07-07,6.7,6.7,6.12,6.12,566,-0.58,0.58,-9.48,9.48,0.29,-1
2020-07-06,6.2,6.82,5.79,6.76,5453,0.56,1.03,8.28,15.24,0.52,1
2020-07-02,6.59,6.59,5.78,6.16,3029,-0.42,0.81,-6.89,13.14,0.4,1
2020-07-01,5.32,5.93,5.3,5.88,4895,0.56,0.63,9.47,10.71,0.31,1
2020-06-30,5.15,5.64,5.1,5.14,4665,-0.01,0.54,-0.19,10.58,0.27,1
2020-06-29,5.96,5.96,5.06,5.09,2491,-0.87,0.9,-17.09,17.68,0.45,-1
2020-06-26,6.26,6.26,5.97,6.01,4133,-0.25,0.29,-4.16,4.83,0.15,-1
2020-06-25,6.68,6.68,6.0,6.27,4181,-0.41,0.67,-6.46,10.77,0.34,-1
2020-06-24,7.0,7.1,6.5,6.81,16475,-0.19,0.6,-2.79,8.81,0.3,-1
2020-06-23,7.0,7.57,6.95,7.07,12276,0.07,0.62,0.99,8.77,0.31,1
2020-06-22,7.54,7.88,6.81,7.0,9848,-0.54,1.07,-7.67,15.21,0.53,-1
2020-06-19,8.77,9.0,7.1,7.42,128045,-1.34,1.9,-18.11,25.59,0.95,1
2020-06-18,7.1,7.69,6.6,6.82,9482,-0.28,1.09,-4.11,15.98,0.55,-1
2020-06-17,6.82,7.2,6.7,7.2,9658,0.38,0.5,5.28,6.94,0.25,1
2020-06-16,6.92,6.92,6.9,6.9,1561,-0.02,0.02,-0.29,0.29,0.01,-1
2020-06-15,7.02,7.25,6.9,7.0,1363,-0.02,0.35,-0.29,5.0,0.17,-1
2020-06-12,7.02,7.05,7.02,7.05,978,0.03,0.03,0.43,0.43,0.02,1
2020-06-11,7.28,7.28,6.92,6.92,6222,-0.36,0.36,-5.2,5.2,0.18,-1
2020-06-10,7.24,7.24,7.24,7.24,99,0.0,0.0,0.0,0.0,0.0,-1
2020-06-09,7.1,7.26,7.1,7.24,5847,0.14,0.16,1.93,2.21,0.08,1
2020-06-08,7.39,7.52,7.2,7.2,9223,-0.19,0.33,-2.64,4.51,0.16,-1
2020-06-05,7.47,7.47,7.4,7.4,2775,-0.07,0.07,-0.95,0.95,0.03,-1
2020-06-04,7.57,7.57,7.5,7.5,1077,-0.07,0.07,-0.96,0.96,0.04,-1
2020-06-03,7.6,7.6,7.6,7.6,139,0.0,0.0,0.0,0.0,0.0,-1
2020-06-02,7.61,7.61,7.6,7.6,653,-0.01,0.01,-0.13,0.13,0.01,-1
2020-06-01,7.7,7.7,7.7,7.7,43,0.0,0.0,0.0,0.0,0.0,-1
2020-05-29,7.6,7.71,7.52,7.7,2342,0.1,0.19,1.3,2.47,0.1,1
2020-05-28,7.65,7.65,7.6,7.6,1211,-0.05,0.05,-0.66,0.66,0.03,-1
2020-05-27,7.69,7.69,7.6,7.6,1532,-0.09,0.09,-1.2,1.2,0.05,-1
2020-05-26,7.7,7.84,7.61,7.7,4723,0.0,0.23,0.0,2.97,0.11,-1
2020-05-22,7.7,7.7,7.7,7.7,1205,0.0,0.0,0.0,0.0,0.0,-1
2020-05-21,7.8,7.8,7.7,7.73,2618,-0.07,0.1,-0.91,1.29,0.05,-1
2020-05-20,7.9,7.9,7.9,7.9,1018,0.0,0.0,0.0,0.0,0.0,1
2020-05-19,7.64,7.64,7.54,7.54,768,-0.1,0.1,-1.33,1.33,0.05,-1
2020-05-18,8.0,8.0,7.92,7.92,646,-0.08,0.08,-1.01,1.01,0.04,-1
2020-05-15,8.0,8.0,8.0,8.0,129,0.0,0.0,0.0,0.0,0.0,-1
2020-05-14,8.0,8.0,8.0,8.0,1026,0.0,0.0,0.0,0.0,0.0,-1
2020-05-13,8.03,8.12,8.0,8.0,3249,-0.03,0.12,-0.37,1.5,0.06,-1
2020-05-12,8.01,8.25,8.0,8.03,2794,0.02,0.25,0.21,3.11,0.12,-1
2020-05-11,8.0,9.47,7.51,8.29,24949,0.29,1.96,3.5,23.64,0.98,1
2020-05-08,7.52,7.52,7.51,7.51,327,-0.01,0.01,-0.13,0.13,0.0,-1
2020-05-07,7.5,7.76,7.5,7.76,1498,0.26,0.26,3.39,3.39,0.13,1
2020-05-06,7.6,7.6,7.5,7.5,2362,-0.1,0.1,-1.33,1.33,0.05,-1
2020-05-05,7.62,7.68,7.6,7.61,1410,-0.01,0.08,-0.13,1.05,0.04,-1
2020-05-04,7.5,7.8,7.5,7.8,1240,0.3,0.3,3.85,3.85,0.15,1
2020-05-01,7.5,7.5,7.5,7.5,0,0.0,0.0,0.0,0.0,0.0,-1
2020-04-30,7.76,7.76,7.16,7.5,5274,-0.26,0.6,-3.47,8.0,0.3,-1
2020-04-29,7.8,7.8,7.5,7.7,6353,-0.1,0.3,-1.3,3.91,0.15,1
2020-04-28,7.36,7.36,7.36,7.36,148,0.0,0.0,0.0,0.0,0.0,-1
2020-04-27,8.0,8.16,7.36,7.36,2770,-0.64,0.8,-8.7,10.82,0.4,-1
2020-04-24,8.0,8.2,8.0,8.2,922,0.2,0.2,2.44,2.44,0.1,1
2020-04-23,8.12,8.12,8.12,8.12,391,0.0,0.0,0.0,0.0,0.0,1
2020-04-22,8.0,8.05,8.0,8.05,1278,0.05,0.05,0.62,0.62,0.03,1
2020-04-21,8.1,8.1,7.9,8.0,5762,-0.1,0.2,-1.25,2.5,0.1,-1
2020-04-20,8.1,8.32,8.1,8.32,1395,0.22,0.22,2.63,2.63,0.11,1
2020-04-17,8.3,8.46,8.0,8.01,6619,-0.29,0.46,-3.62,5.74,0.23,-1
2020-04-16,8.1,8.2,8.1,8.2,1589,0.1,0.1,1.22,1.22,0.05,1
2020-04-15,8.3,8.3,8.1,8.1,2140,-0.21,0.21,-2.53,2.53,0.1,1
2020-04-14,8.1,8.1,8.0,8.0,524,-0.1,0.1,-1.25,1.25,0.05,-1
2020-04-13,8.3,8.3,8.3,8.3,727,0.0,0.0,0.0,0.0,0.0,-1
2020-04-09,7.9,8.49,7.9,8.49,802,0.59,0.59,6.95,6.95,0.29,1
2020-04-08,8.42,8.42,8.42,8.42,120,0.0,0.0,0.0,0.0,0.0,1
2020-04-07,8.22,8.22,8.22,8.22,100,0.0,0.0,0.0,0.0,0.0,-1
2020-04-06,7.6,8.22,7.6,8.22,1050,0.62,0.62,7.54,7.54,0.31,1
2020-04-03,7.12,7.12,7.12,7.12,161,0.0,0.0,0.0,0.0,0.0,-1
2020-04-02,7.45,7.45,7.45,7.45,85,0.0,0.0,0.0,0.0,0.0,-1
2020-04-01,7.8,7.8,7.45,7.45,976,-0.35,0.35,-4.73,4.73,0.18,-1
2020-03-31,8.23,8.23,7.7,7.7,1944,-0.53,0.53,-6.88,6.88,0.27,-1
2020-03-30,8.23,8.23,8.23,8.23,175,0.0,0.0,0.0,0.0,0.0,1
2020-03-27,8.0,8.0,8.0,8.0,479,0.0,0.0,0.0,0.0,0.0,-1
2020-03-26,8.0,8.0,8.0,8.0,515,0.0,0.0,0.0,0.0,0.0,-1
2020-03-25,8.1,9.5,7.85,8.15,5371,0.05,1.65,0.61,20.25,0.83,-1
2020-03-24,8.1,8.3,8.1,8.2,885,0.1,0.2,1.18,2.44,0.1,1
2020-03-23,6.84,7.78,6.84,7.35,4282,0.51,0.94,6.94,12.79,0.47,1
2020-03-20,7.3,7.3,7.3,7.3,37,0.0,0.0,0.0,0.0,0.0,-1
2020-03-19,5.22,7.34,5.22,7.3,1210,2.08,2.12,28.49,29.04,1.06,-1
2020-03-18,7.35,7.35,7.35,7.35,0,0.0,0.0,0.0,0.0,0.0,-1
2020-03-17,7.35,7.35,7.35,7.35,140,0.0,0.0,0.0,0.0,0.0,-1
2020-03-16,7.35,7.35,7.35,7.35,468,0.0,0.0,0.0,0.0,0.0,-1
2020-03-13,6.94,7.35,6.94,7.35,4808,0.41,0.41,5.56,5.56,0.2,1
2020-03-12,8.34,8.34,6.52,7.07,12244,-1.27,1.82,-17.96,25.74,0.91,-1
2020-03-11,8.5,8.5,8.5,8.5,49,0.0,0.0,0.0,0.0,0.0,-1
2020-03-10,8.5,8.73,8.5,8.5,1900,0.0,0.23,0.0,2.72,0.12,-1
2020-03-09,8.5,8.5,8.5,8.5,984,0.0,0.0,0.0,0.0,0.0,-1
2020-03-06,8.52,8.97,8.24,8.97,2260,0.45,0.73,5.0,8.12,0.36,-1
2020-03-05,9.37,9.39,9.37,9.39,1064,0.02,0.02,0.21,0.21,0.01,-1
2020-03-04,9.24,9.39,9.24,9.39,1393,0.15,0.15,1.6,1.6,0.08,1
2020-03-03,9.84,9.84,8.91,9.25,2393,-0.59,0.93,-6.38,10.05,0.46,-1
2020-03-02,8.75,9.84,8.75,9.84,7031,1.09,1.09,11.08,11.08,0.54,1
2020-02-28,9.8,10.0,8.19,8.5,8367,-1.3,1.81,-15.29,21.29,0.91,-1
2020-02-27,12.0,12.0,9.27,9.87,62068,-2.13,2.73,-21.58,27.66,1.37,-1
2020-02-26,10.48,10.6,9.9,10.0,22031,-0.48,0.7,-4.78,7.0,0.35,-1
2020-02-25,9.46,10.56,9.45,10.48,21821,1.02,1.11,9.73,10.59,0.56,1
2020-02-24,9.45,9.45,9.45,9.45,2196,0.0,0.0,0.0,0.0,0.0,-1
2020-02-21,9.65,9.75,9.62,9.66,3028,0.01,0.12,0.1,1.29,0.06,1
2020-02-20,9.5,9.5,9.4,9.44,7265,-0.06,0.1,-0.66,1.03,0.05,-1
2020-02-19,9.55,9.61,9.5,9.6,5994,0.05,0.11,0.52,1.15,0.05,1
2020-02-18,9.54,9.59,9.54,9.55,1900,0.01,0.05,0.1,0.52,0.03,-1
2020-02-14,9.9,9.9,9.7,9.7,2879,-0.2,0.2,-2.06,2.06,0.1,-1
2020-02-13,9.97,9.97,9.9,9.9,6545,-0.07,0.07,-0.71,0.71,0.04,1
2020-02-12,9.7,9.7,8.86,9.65,9573,-0.05,0.84,-0.52,8.7,0.42,-1
2020-02-11,10.5,10.5,9.75,9.94,9374,-0.56,0.75,-5.63,7.55,0.38,-1
2020-02-10,10.41,10.41,9.93,9.95,4440,-0.46,0.48,-4.62,4.82,0.24,1
2020-02-07,10.01,10.01,9.8,9.82,18174,-0.19,0.21,-1.93,2.14,0.1,-1
2020-02-06,10.15,10.25,9.8,10.01,23719,-0.14,0.45,-1.4,4.5,0.22,1
2020-02-05,10.6,10.6,9.8,10.0,44589,-0.6,0.8,-6.0,8.0,0.4,-1
2020-02-04,10.62,10.89,9.84,10.64,31250,0.02,1.05,0.15,9.88,0.53,1
2020-02-03,10.09,10.91,10.09,10.62,39188,0.53,0.82,4.99,7.72,0.41,1
2020-01-31,10.99,11.2,9.66,10.12,107381,-0.87,1.54,-8.6,15.22,0.77,-1
2020-01-30,12.0,12.18,11.0,11.25,322812,-0.75,1.18,-6.67,10.49,0.59,-1
